"id","id_mental","indikator_detail"
"1","1","[1. Niat Belajar sebagai Ibadah] Menjadikan belajar sebagai bentuk pengabdian kepada Allah."
"2","1","[1. Niat Belajar sebagai Ibadah] Memulai belajar dengan doa dan niat yang lurus."
"3","1","[2. Kesadaran akan Tujuan Ilmu] Menyadari bahwa belajar bukan sekadar formalitas, tetapi untuk memahami kebenaran."
"4","1","[2. Kesadaran akan Tujuan Ilmu] Menempatkan ilmu sebagai jalan menuju kedekatan dengan Allah."
"5","1","[3. Orientasi “Tahu dan Bisa”] Belajar bukan hanya untuk hafal, tetapi untuk memahami dan mengamalkan."
"6","1","[3. Orientasi “Tahu dan Bisa”] Menjadikan ilmu sebagai bekal praktik nyata dalam kehidupan."
"7","1","[4. Konsistensi dalam Menuntut Ilmu] Tekun belajar meski menghadapi kesulitan."
"8","1","[4. Konsistensi dalam Menuntut Ilmu] Tidak mudah menyerah ketika belum paham."
"9","1","[5. Integrasi Ilmu dan Amal] Menghubungkan pengetahuan dengan tindakan nyata."
"10","1","[5. Integrasi Ilmu dan Amal] Menjadikan ilmu sebagai pedoman dalam akhlak dan ibadah."
"11","1","[6. Sikap Rendah Hati] Tidak sombong dengan ilmu yang dimiliki."
"12","1","[6. Sikap Rendah Hati] Menyadari bahwa ilmu adalah amanah, bukan sekadar prestasi."
"13","1","[7. Spiritualitas dalam Belajar] Menjadikan belajar sebagai sarana mendekatkan diri kepada Allah."
"14","1","[7. Spiritualitas dalam Belajar] Meyakini bahwa ilmu yang bermanfaat adalah yang membawa keberkahan."
"15","2","[1. Menjadikan Benar sebagai Fondasi] Memastikan setiap pilihan dan tindakan sesuai syariat Allah."
"16","2","[1. Menjadikan Benar sebagai Fondasi] Tidak mengorbankan prinsip halal-haram demi keuntungan duniawi."
"17","2","[1. Menjadikan Benar sebagai Fondasi] Menjadikan wahyu sebagai kompas utama dalam hidup."
"18","2","[2. Menempatkan Baik sebagai Wajah] Menampilkan akhlak mulia dalam interaksi sosial."
"19","2","[2. Menempatkan Baik sebagai Wajah] Menghargai norma, budaya, dan etika yang berlaku."
"20","2","[2. Menempatkan Baik sebagai Wajah] Menjaga hubungan dengan sesama melalui sikap ramah, adil, dan empati."
"21","2","[3. Menjadikan Indah sebagai Harmoni] Menggabungkan kebenaran syariat dengan kebaikan sosial sehingga lahir keindahan."
"22","2","[3. Menjadikan Indah sebagai Harmoni] Menyampaikan kebenaran dengan cara yang menyejukkan dan menenangkan."
"23","2","[3. Menjadikan Indah sebagai Harmoni] Menjadikan amal shalih bukan hanya benar secara hukum Allah, tetapi juga membawa maslahat bagi manusia."
"24","2","[4. Prioritas yang Seimbang] Tidak hanya mengejar “baik menurut manusia” jika bertentangan dengan syariat."
"25","2","[4. Prioritas yang Seimbang] Tidak hanya berpegang pada “benar menurut Allah” tanpa memperhatikan cara penyampaian."
"26","2","[4. Prioritas yang Seimbang] Selalu mencari titik indah: benar secara syariat, baik secara sosial."
"27","2","[5. Integrasi Spiritualitas & Sosialitas] Menjadikan iman sebagai fondasi, akhlak sebagai wajah, dan maslahat sebagai buah."
"28","2","[5. Integrasi Spiritualitas & Sosialitas] Menyadari bahwa keindahan sejati lahir dari harmoni antara kebenaran wahyu dan kebaikan manusia."
"29","3","[1. Kebahagiaan dalam Penghambaan] Merasa tenang dan bahagia ketika beribadah."
"30","3","[1. Kebahagiaan dalam Penghambaan] Menjadikan ketaatan sebagai sumber kebahagiaan, bukan beban."
"31","3","[1. Kebahagiaan dalam Penghambaan] Menemukan makna hidup dalam menjadi hamba Allah."
"32","3","[2. Konsistensi Ibadah] Menjaga shalat, dzikir, doa, dan amal shalih dengan istiqamah."
"33","3","[2. Konsistensi Ibadah] Tidak mudah lalai meski sibuk dengan urusan dunia."
"34","3","[3. Orientasi Akhirat] Menyadari bahwa hidup di dunia hanyalah sementara."
"35","3","[3. Orientasi Akhirat] Menjadikan akhirat sebagai tujuan utama dalam setiap langkah."
"36","3","[4. Kesiapan Menghadap Allah] Senantiasa memperbaiki diri dan bertaubat dari kesalahan."
"37","3","[4. Kesiapan Menghadap Allah] Menyambut kematian dengan hati yang ridha, bukan takut berlebihan."
"38","3","[5. Syukur & Sabar] Bersyukur atas nikmat kecil maupun besar."
"39","3","[5. Syukur & Sabar] Bersabar atas ujian, karena yakin semua adalah bagian dari kasih sayang Allah."
"40","3","[6. Integritas dalam Hidup] Menjalani kehidupan sesuai syariat, baik dalam ibadah maupun muamalah."
"41","3","[6. Integritas dalam Hidup] Menjaga akhlak mulia sebagai cerminan hamba Allah."
"42","3","[7. Keteladanan Spiritual] Menjadi teladan bagi orang lain dalam ketenangan, kesabaran, dan keikhlasan."
"43","3","[7. Keteladanan Spiritual] Membuat orang lain merasakan kedamaian dari sikapnya."
"44","4","[1. Cinta kepada Rasulullah ﷺ] Menjadikan beliau sebagai teladan utama dalam hidup."
"45","4","[1. Cinta kepada Rasulullah ﷺ] Merasa bangga dan bahagia menjadi bagian dari umatnya."
"46","4","[2. Menghidupkan Sunnah] Berusaha menjalankan sunnah Rasulullah dalam ibadah, akhlak, dan muamalah."
"47","4","[2. Menghidupkan Sunnah] Menjadikan sunnah sebagai pedoman sehari-hari, bukan sekadar simbol."
"48","4","[3. Kerinduan Spiritual] Sering bershalawat sebagai wujud cinta dan kerinduan."
"49","4","[3. Kerinduan Spiritual] Berdoa agar kelak bisa berjumpa dengan Rasulullah di akhirat."
"50","4","[4. Keteladanan Akhlak] Menampilkan akhlak mulia sebagaimana dicontohkan Rasulullah."
"51","4","[4. Keteladanan Akhlak] Menjadi pribadi yang lembut, jujur, amanah, dan penuh kasih sayang."
"52","4","[5. Syukur & Kebanggaan] Bersyukur karena Allah menjadikannya bagian dari umat Muhammad ﷺ ."
"53","4","[5. Syukur & Kebanggaan] Merasa mulia dengan identitas keislaman yang diwariskan Rasulullah."
"54","4","[6. Orientasi Akhirat] Menjadikan perjumpaan dengan Rasulullah sebagai cita-cita tertinggi."
"55","4","[6. Orientasi Akhirat] Memperbanyak amal shalih sebagai bekal agar layak bertemu beliau."
"56","4","[7. Dakwah & Teladan] Mengajak orang lain mencintai Rasulullah dengan cara yang indah."
"57","4","[7. Dakwah & Teladan] Menjadi teladan yang mencerminkan umat Nabi yang berakhlak mulia."
"58","5","[1. Kecintaan pada Al-Qur’an] Merasa rindu dan bahagia ketika membaca atau mendengar Al-Qur’an."
"59","5","[1. Kecintaan pada Al-Qur’an] Menjadikan tilawah sebagai kebutuhan hati, bukan sekadar kewajiban."
"60","5","[2. Kedekatan dengan Kalam Allah] Membiasakan diri membaca, menghafal, dan mentadabburi ayat-ayat Al-Qur’an."
"61","5","[2. Kedekatan dengan Kalam Allah] Menjadikan Al-Qur’an sebagai teman hidup sehari-hari."
"62","5","[3. Pemahaman dan Tadabbur] Berusaha memahami makna ayat, bukan hanya membaca."
"63","5","[3. Pemahaman dan Tadabbur] Menghubungkan pesan Al-Qur’an dengan realitas kehidupan."
"64","5","[4. Amal yang Berpandu Al-Qur’an] Menjadikan Al-Qur’an sebagai kompas dalam berpikir, berkata, dan bertindak."
"65","5","[4. Amal yang Berpandu Al-Qur’an] Mengukur benar-salah dengan standar wahyu, bukan sekadar logika manusia."
"66","5","[5. Konsistensi dalam Hidup] Menjalankan ibadah, muamalah, dan akhlak sesuai tuntunan Al-Qur’an."
"67","5","[5. Konsistensi dalam Hidup] Tidak mudah tergoda oleh hal-hal yang bertentangan dengan nilai Qur’ani."
"68","5","[6. Spiritualitas yang Mendalam] Merasakan ketenangan hati saat berinteraksi dengan Al-Qur’an."
"69","5","[6. Spiritualitas yang Mendalam] Menjadikan Al-Qur’an sebagai sumber kekuatan dalam menghadapi ujian hidup."
"70","5","[7. Kerinduan akan Pertemuan dengan Allah] Menjadikan hidup berpandu Al-Qur’an sebagai bekal untuk bertemu Allah dengan husnul khatimah."
"71","5","[7. Kerinduan akan Pertemuan dengan Allah] Meyakini bahwa cinta kepada Al-Qur’an adalah jalan menuju ridha Allah."
"72","6","[1. Niat yang Lurus] Menghafal Al-Qur’an dengan tujuan mencari ridha Allah, bukan sekadar prestasi dunia."
"73","6","[1. Niat yang Lurus] Menjadikan hafalan sebagai ibadah, bukan hanya kebanggaan."
"74","6","[2. Konsistensi dalam Menghafal] Menjaga rutinitas muraja’ah (mengulang hafalan) agar tidak hilang."
"75","6","[2. Konsistensi dalam Menghafal] Menyisihkan waktu khusus setiap hari untuk menambah dan memperkuat hafalan."
"76","6","[3. Kedekatan Spiritual] Merasakan ketenangan dan kebahagiaan saat berinteraksi dengan Al-Qur’an."
"77","6","[3. Kedekatan Spiritual] Menjadikan hafalan sebagai sarana memperkuat iman dan taqwa."
"78","6","[4. Integrasi Ilmu & Amal] Tidak hanya menghafal, tetapi juga berusaha memahami dan mengamalkan isi Al-Qur’an."
"79","6","[4. Integrasi Ilmu & Amal] Menjadikan hafalan sebagai pedoman dalam akhlak dan ibadah."
"80","6","[5. Orientasi Akhirat] Meyakini bahwa kemuliaan sejati adalah bersama Al-Qur’an di akhirat."
"81","6","[5. Orientasi Akhirat] Menjadikan hafalan sebagai bekal untuk mendapatkan syafaat Al-Qur’an."
"82","6","[6. Kerendahan Hati] Tidak sombong dengan hafalan, tetapi tetap tawadhu."
"83","6","[6. Kerendahan Hati] Menyadari bahwa hafalan adalah amanah yang harus dijaga."
"84","6","[7. Dakwah & Teladan] Mengajak orang lain mencintai Al-Qur’an melalui teladan pribadi."
"85","6","[7. Dakwah & Teladan] Menjadi inspirasi bagi lingkungan untuk dekat dengan Al-Qur’an."
"86","7","[1. Visi Terpadu] Menjadikan teknologi, bisnis, dan dakwah bukan sebagai tujuan terpisah, tetapi sebagai sarana saling menguatkan."
"87","7","[1. Visi Terpadu] Melihat dunia sebagai ladang amal yang bisa dimuliakan dengan inovasi, kerja, dan dakwah."
"88","7","[2. Pemanfaatan Teknologi untuk Kebaikan] Menggunakan teknologi sebagai alat untuk mempermudah hidup, memperluas dakwah, dan meningkatkan produktivitas."
"89","7","[2. Pemanfaatan Teknologi untuk Kebaikan] Tidak menyalahgunakan teknologi untuk hal yang merusak moral atau merugikan orang lain."
"90","7","[3. Bisnis yang Beretika & Syariah] Menjalankan usaha dengan prinsip halal, jujur, dan amanah."
"91","7","[3. Bisnis yang Beretika & Syariah] Menjadikan bisnis sebagai sarana memberi manfaat bagi masyarakat, bukan sekadar mencari keuntungan."
"92","7","[4. Dakwah yang Kreatif & Relevan] Menggunakan media modern untuk menyampaikan pesan Islam dengan cara yang menarik dan mudah dipahami."
"93","7","[4. Dakwah yang Kreatif & Relevan] Menjadikan dakwah sebagai bagian dari aktivitas sehari-hari, bukan hanya di mimbar."
"94","7","[5. Integrasi Dunia & Akhirat] Menyadari bahwa kemuliaan dunia harus menjadi bekal menuju akhirat."
"95","7","[5. Integrasi Dunia & Akhirat] Menjadikan setiap aktivitas bisnis dan teknologi sebagai ibadah bila diniatkan untuk Allah."
"96","7","[6. Kepemimpinan & Keteladanan] Menjadi teladan dalam memadukan profesionalisme dengan nilai spiritual."
"97","7","[6. Kepemimpinan & Keteladanan] Menginspirasi orang lain untuk berbisnis dan berdakwah dengan cara yang mulia."
"98","7","[7. Orientasi Maslahat] Fokus pada manfaat luas: teknologi untuk memudahkan, bisnis untuk mensejahterakan, dakwah untuk menyejukkan."
"99","7","[7. Orientasi Maslahat] Menjadikan keberhasilan dunia sebagai sarana memperkuat ukhuwah dan dakwah."
"100","8","[1. Visi Jangka Panjang] Memiliki gambaran cita-cita yang melampaui kepentingan sesaat."
"101","8","[1. Visi Jangka Panjang] Tidak hanya memikirkan diri sendiri, tetapi juga dampak bagi masyarakat dan umat."
"102","8","[2. Berani Bermimpi Besar] Tidak takut dianggap “terlalu tinggi” dalam cita-cita."
"103","8","[2. Berani Bermimpi Besar] Menjadikan mimpi besar sebagai motivasi, bukan sekadar angan-angan."
"104","8","[3. Orientasi Maslahat] Cita-cita selalu dikaitkan dengan manfaat luas bagi orang lain."
"105","8","[3. Orientasi Maslahat] Menjadikan keberhasilan pribadi sebagai sarana memberi kontribusi sosial."
"106","8","[4. Ketekunan & Disiplin] Konsisten bekerja keras untuk mewujudkan cita-cita besar."
"107","8","[4. Ketekunan & Disiplin] Tidak mudah menyerah meski menghadapi rintangan besar."
"108","8","[5. Berani Mengambil Risiko] Menyadari bahwa cita-cita besar membutuhkan pengorbanan."
"109","8","[5. Berani Mengambil Risiko] Siap menghadapi tantangan dengan strategi dan keberanian."
"110","8","[6. Integrasi Nilai Spiritual] Menjadikan cita-cita besar tetap berpandu pada syariat Allah."
"111","8","[6. Integrasi Nilai Spiritual] Meyakini bahwa keberhasilan sejati adalah yang diridhai Allah."
"112","8","[7. Kemampuan Menginspirasi] Membuat orang lain ikut termotivasi dengan cita-citanya."
"113","8","[7. Kemampuan Menginspirasi] Menjadi teladan dalam berpikir visioner dan bertindak nyata."
"114","9","[1. Hanya Malu Sebelum Berbuat Dosa] Hatinya langsung resah ketika muncul niat buruk."
"115","9","[1. Hanya Malu Sebelum Berbuat Dosa] Ada dorongan kuat untuk menahan diri sebelum melangkah ke perbuatan salah."
"116","9","[1. Hanya Malu Sebelum Berbuat Dosa] Menjadikan rasa malu sebagai benteng awal agar tidak jatuh ke dalam maksiat."
"117","9","[2. Hanya Malu Saat Berbuat Dosa] Merasa bersalah dan tidak tenang ketika melakukan kesalahan."
"118","9","[2. Hanya Malu Saat Berbuat Dosa] Tidak bisa menikmati maksiat karena hati selalu mengingat Allah."
"119","9","[2. Hanya Malu Saat Berbuat Dosa] Ada kesadaran bahwa dosa merendahkan martabat dirinya sebagai hamba Allah."
"120","9","[3. Hanya Malu Setelah Berbuat Dosa] Segera menyesal dan merasa hina di hadapan Allah."
"121","9","[3. Hanya Malu Setelah Berbuat Dosa] Tidak berusaha menutupi dosa dengan alasan, tetapi mengakuinya dengan jujur."
"122","9","[3. Hanya Malu Setelah Berbuat Dosa] Rasa malu mendorongnya untuk bertaubat dan memperbaiki diri."
"123","9","[4. Kesadaran Spiritual] Menjadikan rasa malu sebagai tanda iman yang hidup."
"124","9","[4. Kesadaran Spiritual] Meyakini bahwa malu terhadap dosa adalah bentuk penjagaan Allah atas dirinya."
"125","9","[5. Komitmen Perbaikan] Tidak mengulang kesalahan yang sama karena malu kepada Allah."
"126","9","[5. Komitmen Perbaikan] Menjadikan pengalaman dosa sebagai pelajaran untuk lebih berhati-hati."
"127","9","[6. Tidak malu dalam hal-hal yang positif] Tidak malu dalam hal-hal yang positif, misalnya maju ke depan kelas, bartanya, berpendapat, berinisiatif, mengambil peran menjadi pemimpin, menuntut hak, menegakkan kebenaran, dsb."
"128","10","[1. Proaktif] Tidak menunggu diperintah, langsung bergerak ketika melihat peluang atau masalah."
"129","10","[1. Proaktif] Mampu membaca situasi dan bertindak cepat."
"130","10","[2. Berani Memulai] Tidak takut mencoba hal baru meski belum ada jaminan berhasil."
"131","10","[2. Berani Memulai] Menjadikan tantangan sebagai kesempatan untuk tumbuh."
"132","10","[3. Tanggung Jawab] Siap menanggung risiko dari keputusan yang diambil."
"133","10","[3. Tanggung Jawab] Tidak lari dari konsekuensi, tetapi belajar dari hasilnya."
"134","10","[4. Kreatif dalam Solusi] Mencari cara baru untuk menyelesaikan masalah."
"135","10","[4. Kreatif dalam Solusi] Tidak hanya mengikuti pola lama, tetapi berani berinovasi."
"136","10","[5. Konsistensi & Ketekunan] Menyelesaikan apa yang sudah dimulai dengan penuh komitmen."
"137","10","[5. Konsistensi & Ketekunan] Tidak mudah menyerah meski menghadapi hambatan."
"138","10","[6. Kepekaan Sosial] Peka terhadap kebutuhan orang lain dan lingkungan."
"139","10","[6. Kepekaan Sosial] Mengambil inisiatif untuk membantu atau memberi manfaat."
"140","10","[7. Integrasi Nilai Spiritual & Moral] Menjadikan inisiatif bukan sekadar ambisi, tetapi berpandu pada nilai benar dan maslahat."
"141","10","[7. Integrasi Nilai Spiritual & Moral] Berinisiatif dengan niat ibadah, bukan sekadar mencari pujian."
"142","11","[1. Berpikir Out of the Box] Mampu melihat kemungkinan di luar kebiasaan."
"143","11","[1. Berpikir Out of the Box] Tidak terpaku pada cara lama, berani mencoba pendekatan baru."
"144","11","[2. Kaya Imajinasi] Sering membayangkan ide, konsep, atau solusi yang belum pernah ada."
"145","11","[2. Kaya Imajinasi] Menghubungkan hal-hal yang tampak tidak berkaitan menjadi sesuatu yang bermakna."
"146","11","[3. Fleksibilitas Mental] Mudah beradaptasi dengan perubahan."
"147","11","[3. Fleksibilitas Mental] Tidak kaku dalam menghadapi masalah, selalu mencari alternatif."
"148","11","[4. Problem Solver] Menjadikan tantangan sebagai peluang untuk berinovasi."
"149","11","[4. Problem Solver] Mampu menemukan solusi kreatif yang praktis dan efektif."
"150","11","[5. Ekspresi Unik] Menyalurkan ide melalui seni, tulisan, desain, atau cara komunikasi yang berbeda."
"151","11","[5. Ekspresi Unik] Menunjukkan ciri khas dalam karya atau tindakan."
"152","11","[6. Rasa Ingin Tahu Tinggi] Aktif mencari pengetahuan baru untuk memperkaya ide."
"153","11","[6. Rasa Ingin Tahu Tinggi] Suka bereksperimen dan mencoba hal-hal yang belum pernah dilakukan."
"154","11","[7. Berani Berbeda] Tidak takut dianggap “aneh” atau “tidak biasa”."
"155","11","[7. Berani Berbeda] Menjadikan perbedaan sebagai kekuatan, bukan kelemahan."
"156","12","[1. Peka terhadap Masalah & Peluang] Mampu melihat kebutuhan yang belum terpenuhi."
"157","12","[1. Peka terhadap Masalah & Peluang] Menangkap peluang dari situasi yang dianggap biasa oleh orang lain."
"158","12","[2. Berani Bereksperimen] Tidak takut mencoba cara baru meski belum ada jaminan berhasil."
"159","12","[2. Berani Bereksperimen] Menjadikan kegagalan sebagai bahan belajar, bukan penghalang."
"160","12","[3. Menghasilkan Ide Orisinal] Mampu melahirkan gagasan yang berbeda dari kebiasaan umum."
"161","12","[3. Menghasilkan Ide Orisinal] Menunjukkan ciri khas dalam solusi atau karya yang dibuat."
"162","12","[4. Adaptif & Fleksibel] Mudah menyesuaikan diri dengan perubahan."
"163","12","[4. Adaptif & Fleksibel] Mampu mengubah strategi ketika kondisi tidak sesuai rencana."
"164","12","[5. Fokus pada Nilai Tambah] Inovasi bukan sekadar berbeda, tetapi memberi manfaat nyata."
"165","12","[5. Fokus pada Nilai Tambah] Selalu mencari cara agar ide membawa dampak positif bagi orang lain."
"166","12","[6. Integrasi Ilmu & Kreativitas] Menggabungkan pengetahuan, teknologi, dan imajinasi untuk menciptakan sesuatu yang baru."
"167","12","[6. Integrasi Ilmu & Kreativitas] Tidak hanya berpikir kreatif, tetapi juga aplikatif."
"168","12","[7. Inspiratif] Membuat orang lain ikut termotivasi untuk berinovasi."
"169","12","[7. Inspiratif] Menjadi teladan dalam keberanian menghadirkan solusi baru."
"170","13","[1. Kemandirian Emosional] Tidak bergantung pada orangtua atau orang lain untuk merasa aman."
"171","13","[1. Kemandirian Emosional] Mampu mengendalikan emosi tanpa harus selalu mencari validasi eksternal."
"172","13","[1. Kemandirian Emosional] Tetap tenang dalam menghadapi tekanan, tidak mudah goyah oleh pengaruh lingkungan."
"173","13","[2. Kemandirian Perilaku] Berani membuat keputusan sendiri dan siap menanggung konsekuensinya."
"174","13","[2. Kemandirian Perilaku] Mampu menuntaskan pekerjaan tanpa harus selalu diarahkan."
"175","13","[2. Kemandirian Perilaku] Bisa bekerja sendiri sekaligus mampu bekerjasama dengan orang lain secara sehat."
"176","13","[3. Kemandirian Nilai] Menjadikan nilai agama sebagai pedoman utama dalam hidup."
"177","13","[3. Kemandirian Nilai] Tidak mudah terpengaruh oleh tren atau tekanan sosial yang bertentangan dengan syariat."
"178","13","[3. Kemandirian Nilai] Konsisten dalam menjunjung kebenaran meski berbeda dengan mayoritas."
"179","13","[4. Tanggung Jawab Pribadi] Menyadari bahwa setiap tindakan membawa akibat, sehingga berhati-hati dalam bertindak."
"180","13","[4. Tanggung Jawab Pribadi] Tidak menyalahkan orang lain atas kesalahan diri."
"181","13","[5. Integritas & Konsistensi] Menjaga prinsip meski dalam situasi sulit."
"182","13","[5. Integritas & Konsistensi] Menunjukkan keselarasan antara pikiran, ucapan, dan tindakan."
"183","14","[1. Berorientasi pada Tujuan] Memiliki cita-cita yang jelas dan terukur."
"184","14","[1. Berorientasi pada Tujuan] Menyusun rencana bukan sekadar ide, tetapi dengan target yang spesifik."
"185","14","[2. Timeline yang Realistis] Menentukan umur atau rentang waktu pencapaian cita-cita."
"186","14","[2. Timeline yang Realistis] Membagi perjalanan hidup ke dalam fase-fase yang terstruktur."
"187","14","[3. Tahapan (Stepline) yang Sistematis] Membuat tahapan bertingkat dari awal hingga akhir."
"188","14","[3. Tahapan (Stepline) yang Sistematis] Menyusun urutan logis agar setiap langkah mendukung pencapaian berikutnya."
"189","14","[4. Langkah Mayor & Minor] Membedakan antara langkah besar (strategis) dan langkah kecil (teknis)."
"190","14","[4. Langkah Mayor & Minor] Menyadari bahwa cita-cita besar membutuhkan kombinasi keduanya."
"191","14","[5. Disiplin & Konsistensi] Menjalankan rencana sesuai timeline yang ditetapkan."
"192","14","[5. Disiplin & Konsistensi] Tidak mudah menyerah meski ada hambatan."
"193","14","[6. Evaluasi & Penyesuaian] Meninjau kembali rencana secara berkala."
"194","14","[6. Evaluasi & Penyesuaian] Berani mengubah strategi bila ada kendala, tanpa kehilangan arah utama."
"195","14","[7. Integrasi Nilai & Spiritualitas] Menjadikan action plan bukan sekadar ambisi duniawi, tetapi berpandu pada nilai agama."
"196","14","[7. Integrasi Nilai & Spiritualitas] Meyakini bahwa usaha harus disertai doa dan tawakal."
"197","15","[1. Kesadaran Hidup = Ujian] Menyadari bahwa setiap peristiwa adalah “level” yang harus dilewati."
"198","15","[1. Kesadaran Hidup = Ujian] Tidak menganggap dunia sebagai tujuan akhir, tetapi sebagai arena ujian menuju akhirat."
"199","15","[2. Memahami Aturan Main] Menjadikan syariat Allah sebagai “rule of the game.”"
"200","15","[2. Memahami Aturan Main] Tidak mencari jalan pintas dengan cara haram, meski tampak menguntungkan."
"201","15","[3. Strategi & Perencanaan] Menyusun langkah hidup seperti strategi dalam permainan besar."
"202","15","[3. Strategi & Perencanaan] Memahami bahwa setiap keputusan membawa konsekuensi."
"203","15","[4. Mental Kompetitif yang Sehat] Berusaha menjadi yang terbaik dalam amal, bukan sekadar menang dalam materi."
"204","15","[4. Mental Kompetitif yang Sehat] Melihat orang lain sebagai partner dalam kebaikan, bukan hanya lawan."
"205","15","[5. Ketekunan & Kesabaran] Tidak mudah putus asa ketika “jatuh” dalam permainan hidup."
"206","15","[5. Ketekunan & Kesabaran] Bangkit kembali dengan semangat baru, seperti pemain yang terus mencoba hingga berhasil."
"207","15","[6. Orientasi Akhirat] Menyadari bahwa “game dunia” berakhir dengan kematian."
"208","15","[6. Orientasi Akhirat] Fokus pada “reward akhirat” sebagai kemenangan sejati."
"209","15","[7. Rasa Syukur & Tawakal] Menikmati setiap tahap permainan dengan syukur."
"210","15","[7. Rasa Syukur & Tawakal] Berserah diri kepada Allah atas hasil, setelah berusaha maksimal."
"211","16","[1. Kesadaran Risiko] Menyadari bahwa setiap pilihan membawa dampak positif maupun negatif."
"212","16","[1. Kesadaran Risiko] Tidak menganggap remeh keputusan kecil sekalipun."
"213","16","[2. Pertimbangan Matang] Menimbang maslahat dan mudharat sebelum memilih."
"214","16","[2. Pertimbangan Matang] Menggunakan akal sehat dan panduan syariat dalam mengambil keputusan."
"215","16","[3. Tanggung Jawab atas Konsekuensi] Berani menanggung akibat dari keputusan yang diambil."
"216","16","[3. Tanggung Jawab atas Konsekuensi] Tidak menyalahkan orang lain atau keadaan atas hasil pilihan."
"217","16","[4. Sikap Hati-hati] Tidak tergesa-gesa dalam menentukan pilihan."
"218","16","[4. Sikap Hati-hati] Menghindari keputusan yang hanya didorong oleh emosi sesaat."
"219","16","[5. Kesiapan Menerima kemyataan] Menerima hasil pilihan dengan lapang dada, baik berhasil maupun gagal."
"220","16","[5. Kesiapan Menerima kemyataan] Menjadikan konsekuensi sebagai pelajaran untuk ikhtiar berikutnya."
"221","16","[6. Integritas dalam Pilihan] Tidak menghalalkan segala cara demi hasil."
"222","16","[6. Integritas dalam Pilihan] Memastikan pilihan tetap sesuai dengan nilai agama dan etika."
"223","16","[7. Evaluasi Berkelanjutan] Belajar dari konsekuensi pilihan sebelumnya."
"224","16","[7. Evaluasi Berkelanjutan] Memperbaiki strategi agar pilihan berikutnya lebih bijak."
"225","17","[1. Keteguhan] Tidak mudah goyah meski menghadapi kesulitan panjang."
"226","17","[1. Keteguhan] Tetap fokus pada tujuan meski hasil belum terlihat."
"227","17","[2. Konsistensi Usaha] Terus berikhtiar setiap hari, tidak hanya semangat di awal."
"228","17","[2. Konsistensi Usaha] Menjadikan kegagalan sebagai bahan bakar untuk mencoba lagi."
"229","17","[3. Optimisme dalam Kesulitan] Meyakini bahwa setiap rintangan pasti ada jalan keluar."
"230","17","[3. Optimisme dalam Kesulitan] Melihat ujian sebagai peluang untuk tumbuh lebih kuat."
"231","17","[4. Kemampuan Bangkit] Cepat pulih setelah jatuh atau gagal."
"232","17","[4. Kemampuan Bangkit] Tidak membiarkan kegagalan menghentikan langkah."
"233","17","[5. Disiplin & Kerja Keras] Menjalankan usaha dengan tekun, bukan sekadar berharap hasil instan."
"234","17","[5. Disiplin & Kerja Keras] Siap berkorban waktu, tenaga, dan kenyamanan demi cita-cita."
"235","17","[6. Spiritualitas sebagai Sumber Kekuatan] Menguatkan hati dengan doa, ibadah, dan tawakal kepada Allah."
"236","17","[6. Spiritualitas sebagai Sumber Kekuatan] Meyakini bahwa perjuangan adalah bagian dari ibadah."
"237","17","[7. Orientasi Jangka Panjang] Tidak mudah putus asa karena melihat tujuan besar di depan."
"238","17","[7. Orientasi Jangka Panjang] Menyadari bahwa hasil besar membutuhkan kesabaran panjang."
"239","18","[1. Siap Bersaing] Memiliki motivasi kuat untuk menjadi yang terbaik."
"240","18","[1. Siap Bersaing] Melihat persaingan sebagai sarana belajar dan meningkatkan kualitas diri."
"241","18","[1. Siap Bersaing] Tidak takut menghadapi lawan yang lebih kuat."
"242","18","[2. Merespons Kemenangan dengan Benar] Bersyukur atas kemenangan tanpa sombong."
"243","18","[2. Merespons Kemenangan dengan Benar] Menghargai lawan yang kalah dengan sikap hormat."
"244","18","[2. Merespons Kemenangan dengan Benar] Menjadikan kemenangan sebagai dorongan untuk terus berusaha, bukan berhenti."
"245","18","[3. Merespons Kekalahan dengan Benar] Menerima kekalahan dengan lapang dada tanpa menyalahkan orang lain."
"246","18","[3. Merespons Kekalahan dengan Benar] Menjadikan kekalahan sebagai bahan evaluasi dan motivasi untuk bangkit."
"247","18","[3. Merespons Kekalahan dengan Benar] Tetap menjaga semangat juang meski gagal."
"248","18","[4. Sportivitas] Menjunjung tinggi aturan dan nilai keadilan dalam persaingan."
"249","18","[4. Sportivitas] Tidak menggunakan cara curang untuk menang."
"250","18","[5. Tangguh dan tawadlu] Tidak mudah putus asa ketika kalah."
"251","18","[5. Tangguh dan tawadlu] Tidak cepat puas ketika menang."
"252","18","[6. Orientasi Perbaikan Diri] Fokus pada peningkatan kualitas pribadi, bukan sekadar mengalahkan orang lain."
"253","18","[6. Orientasi Perbaikan Diri] Menjadikan persaingan sebagai jalan menuju keunggulan yang bermanfaat."
"254","19","[1. Nilai Jual Karya] Mampu melihat potensi karya sebagai sesuatu yang bernilai bagi orang lain."
"255","19","[1. Nilai Jual Karya] Tidak hanya berkarya untuk ekspresi, tetapi juga untuk kebutuhan pasar."
"256","19","[2. Kreativitas Produktif] Menghasilkan karya yang unik, relevan, dan bermanfaat."
"257","19","[2. Kreativitas Produktif] Menyesuaikan karya dengan kebutuhan dan tren masyarakat."
"258","19","[3. Mental Entrepreneurial] Berani menawarkan karya kepada publik."
"259","19","[3. Mental Entrepreneurial] Tidak malu menjadikan karya sebagai sumber penghasilan."
"260","19","[4. Kemampuan Branding & Promosi] Mampu memperkenalkan karya dengan cara menarik."
"261","19","[4. Kemampuan Branding & Promosi] Menggunakan media sosial, jaringan, atau platform digital untuk memperluas jangkauan."
"262","19","[5. Konsistensi Produksi] Tidak berhenti berkarya meski belum langsung menghasilkan."
"263","19","[5. Konsistensi Produksi] Menjadikan karya sebagai rutinitas yang berkelanjutan."
"264","19","[6. Adaptasi terhadap Pasar] Peka terhadap kebutuhan konsumen atau audiens."
"265","19","[6. Adaptasi terhadap Pasar] Siap mengubah atau menyesuaikan karya agar lebih diterima."
"266","19","[7. Integrasi Nilai & Etika] Tetap menjaga kehalalan, kejujuran, dan etika dalam monetisasi karya."
"267","19","[7. Integrasi Nilai & Etika] Menjadikan penghasilan dari karya sebagai sarana maslahat, bukan sekadar keuntungan pribadi."
"268","20","[1. Tanya atau Ditanya] Aktif bertanya kepada guru untuk memperjelas materi."
"269","20","[1. Tanya atau Ditanya] Siap ditanya dan mampu menjawab dengan pemahaman, bukan sekadar hafalan."
"270","20","[1. Tanya atau Ditanya] Menjadikan dialog ilmiah sebagai bagian dari ibadah belajar."
"271","20","[2. Menulis Notes (Mencatat, Merangkum, Merespon)] Membuat catatan rapi dan sistematis dengan metode tertentu (layout, Cornell, mindmap)."
"272","20","[2. Menulis Notes (Mencatat, Merangkum, Merespon)] Merangkum inti materi agar mudah dipahami kembali."
"273","20","[2. Menulis Notes (Mencatat, Merangkum, Merespon)] Merespon dengan menambahkan refleksi pribadi atau contoh nyata."
"274","20","[2. Menulis Notes (Mencatat, Merangkum, Merespon)] Menjadikan notes sebagai alat penguatan memori dan pemahaman."
"275","20","[3. Murajaah (Mengulang)] Konsisten mengulang materi agar tidak hilang dari ingatan."
"276","20","[3. Murajaah (Mengulang)] Menjadikan murajaah sebagai rutinitas harian, bukan hanya menjelang ujian."
"277","20","[3. Murajaah (Mengulang)] Menghubungkan murajaah dengan praktik nyata dalam ibadah dan kehidupan."
"278","20","[4. Kesadaran Belajar = Ibadah] Memulai belajar dengan niat mencari ridha Allah."
"279","20","[4. Kesadaran Belajar = Ibadah] Menjadikan setiap aktivitas belajar sebagai bentuk pengabdian."
"280","20","[5. Disiplin & Konsistensi] Menjalankan tiga cara belajar ini secara berkesinambungan."
"281","20","[5. Disiplin & Konsistensi] Tidak mudah lalai atau menunda-nunda."
"282","20","[6. Integrasi Ilmu & Amal] Menjadikan hasil belajar sebagai pedoman dalam akhlak, ibadah, dan dakwah."
"283","20","[6. Integrasi Ilmu & Amal] Tidak berhenti pada teori, tetapi mengamalkan ilmu."
"284","21","[1. Kesadaran Proses] Menyadari bahwa kesuksesan butuh waktu dan tahapan."
"285","21","[1. Kesadaran Proses] Tidak berharap hasil instan tanpa usaha."
"286","21","[2. Kerendahan Hati] Mau menerima posisi awal yang kecil atau sederhana."
"287","21","[2. Kerendahan Hati] Tidak gengsi memulai dari bawah."
"288","21","[3. Kesabaran & Ketekunan] Sabar menjalani proses panjang."
"289","21","[3. Kesabaran & Ketekunan] Tekun berusaha meski hasil belum terlihat."
"290","21","[4. Mental Belajar] Mau belajar dari pengalaman, kegagalan, dan orang lain."
"291","21","[4. Mental Belajar] Menjadikan setiap langkah sebagai kesempatan menambah ilmu."
"292","21","[5. Disiplin Bertahap] Menyusun langkah kecil menuju tujuan besar."
"293","21","[5. Disiplin Bertahap] Konsisten menjalankan tahapan meski tampak lambat."
"294","21","[6. Optimisme Jangka Panjang] Yakin bahwa usaha kecil akan berbuah besar bila terus dijalankan."
"295","21","[6. Optimisme Jangka Panjang] Melihat perjalanan sebagai bagian dari kesuksesan, bukan hanya hasil akhir."
"296","21","[7. Integrasi Nilai Spiritual] Meyakini bahwa jerih payah adalah bagian dari sunnatullah."
"297","21","[7. Integrasi Nilai Spiritual] Menjadikan ikhtiar sebagai ibadah, bukan sekadar ambisi duniawi."
"298","22","[1. Dimanapun] Mampu menjadikan setiap tempat sebagai ruang belajar."
"299","22","[1. Dimanapun] Tidak membatasi belajar hanya di kelas atau sekolah."
"300","22","[1. Dimanapun] Menangkap pelajaran dari lingkungan, pengalaman, dan interaksi sosial."
"301","22","[2. Kapanpun] Memanfaatkan setiap waktu untuk menambah ilmu, baik pagi, siang, maupun malam."
"302","22","[2. Kapanpun] Tidak menunda kesempatan belajar meski hanya sebentar."
"303","22","[2. Kapanpun] Menjadikan belajar sebagai kebiasaan harian, bukan aktivitas musiman."
"304","22","[3. Dalam Keadaan Apapun] Tetap belajar meski dalam kondisi sulit, sibuk, atau lelah."
"305","22","[3. Dalam Keadaan Apapun] Menjadikan ujian hidup sebagai bahan pelajaran."
"306","22","[3. Dalam Keadaan Apapun] Tidak mencari alasan untuk berhenti belajar."
"307","22","[4. Rasa Ingin Tahu Tinggi] Selalu bertanya dan mencari jawaban atas hal-hal baru."
"308","22","[4. Rasa Ingin Tahu Tinggi] Menjadikan rasa penasaran sebagai energi belajar."
"309","22","[5. Adaptif & Fleksibel] Mampu menyesuaikan cara belajar dengan situasi."
"310","22","[5. Adaptif & Fleksibel] Menggunakan berbagai metode: membaca, berdiskusi, menonton, atau praktik langsung."
"311","22","[6. Konsistensi & Disiplin] Menjadikan belajar sebagai rutinitas yang tidak bisa ditinggalkan."
"312","22","[6. Konsistensi & Disiplin] Konsisten meski hasil belum langsung terlihat."
"313","22","[7. Integrasi Nilai Spiritual] Meyakini bahwa belajar adalah ibadah dan perintah Allah."
"314","22","[7. Integrasi Nilai Spiritual] Menjadikan semangat belajar sebagai jalan mendekatkan diri kepada-Nya."
"315","23","[1. Kesadaran Diri] Mengenali bakat, minat, dan kelebihan yang dimiliki."
"316","23","[1. Kesadaran Diri] Mampu menilai potensi secara realistis, bukan sekadar angan-angan."
"317","23","[2. Rasa Syukur & Percaya Diri] Mensyukuri potensi sebagai anugerah Allah."
"318","23","[2. Rasa Syukur & Percaya Diri] Percaya diri menggunakan potensi tanpa merasa rendah diri atau sombong."
"319","23","[3. Perawatan Potensi] Melatih dan mengasah potensi secara konsisten."
"320","23","[3. Perawatan Potensi] Menjaga kesehatan fisik, mental, dan spiritual agar potensi berkembang optimal."
"321","23","[4. Pengembangan Berkelanjutan] Aktif mencari ilmu, pengalaman, dan mentor untuk memperkuat potensi."
"322","23","[4. Pengembangan Berkelanjutan] Tidak puas dengan kemampuan saat ini, selalu ingin bertumbuh."
"323","23","[5. Menggunakan potensi dengan baik] Menggunakan potensi untuk mencapai tujuan yang jelas."
"324","23","[5. Menggunakan potensi dengan baik] Menjadikan potensi sebagai alat untuk memberi manfaat bagi orang lain."
"325","23","[6. Integrasi Nilai & Tujuan Hidup] Memanfaatkan potensi sesuai dengan nilai agama dan akhlak."
"326","23","[6. Integrasi Nilai & Tujuan Hidup] Menjadikan potensi sebagai jalan ibadah dan kontribusi sosial."
"327","23","[7. Evaluasi & Adaptasi] Menilai sejauh mana potensi sudah dimanfaatkan."
"328","23","[7. Evaluasi & Adaptasi] Siap menyesuaikan strategi bila ada hambatan."
"329","24","[1. Punya Tujuan] Memiliki visi hidup yang jelas dan terukur."
"330","24","[1. Punya Tujuan] Menjadikan tujuan sebagai kompas dalam setiap langkah."
"331","24","[1. Punya Tujuan] Tidak mudah terombang-ambing oleh keadaan atau pengaruh luar."
"332","24","[2. Bisa Berubah] Berani meninggalkan kebiasaan lama yang tidak produktif."
"333","24","[2. Bisa Berubah] Fleksibel menghadapi tantangan baru dengan sikap positif."
"334","24","[2. Bisa Berubah] Menjadikan perubahan sebagai peluang untuk tumbuh, bukan ancaman."
"335","24","[3. Bisa Mempertahankan Perubahan] Konsisten menjalankan kebiasaan baru meski godaan kembali ke pola lama muncul."
"336","24","[3. Bisa Mempertahankan Perubahan] Menjadikan perubahan sebagai bagian dari identitas diri."
"337","24","[3. Bisa Mempertahankan Perubahan] Mampu menjaga motivasi dengan disiplin, evaluasi, dan dukungan spiritual."
"338","24","[4. Kesadaran Konsekuensi] Menyadari bahwa setiap pilihan membawa dampak."
"339","24","[4. Kesadaran Konsekuensi] Memilih jalan perubahan dengan penuh tanggung jawab."
"340","24","[5. Integrasi Nilai Spiritual] Menjadikan tujuan, perubahan, dan konsistensi sebagai bentuk ibadah."
"341","24","[5. Integrasi Nilai Spiritual] Meyakini bahwa istiqamah adalah kunci keberhasilan dunia dan akhirat."
"342","25","[1. Mindset Positif] Melihat segala hal dengan sudut pandang optimis."
"343","25","[1. Mindset Positif] Tidak mudah mengeluh, tetapi mencari hikmah di balik kejadian."
"344","25","[2. Fleksibel] Mampu menerima hal baik maupun buruk sebagai bagian dari proses belajar."
"345","25","[2. Fleksibel] Tidak menolak pengalaman baru meski di luar zona nyaman."
"346","25","[3. Kemampuan Refleksi] Selalu mengambil pelajaran dari setiap pengalaman."
"347","25","[3. Kemampuan Refleksi] Menjadikan kesalahan sebagai guru, bukan sebagai alasan putus asa."
"348","25","[4. Rasa Syukur] Mensyukuri setiap keadaan sebagai kesempatan untuk bertumbuh."
"349","25","[4. Rasa Syukur] Tidak membandingkan diri dengan orang lain secara negatif."
"350","25","[5. Orientasi Belajar Seumur Hidup] Menjadikan setiap interaksi, pekerjaan, atau ujian hidup sebagai bahan belajar."
"351","25","[5. Orientasi Belajar Seumur Hidup] Tidak membatasi belajar hanya pada ruang kelas."
"352","25","[6. Integrasi Nilai Spiritual] Meyakini bahwa semua yang terjadi adalah ketetapan Allah yang penuh hikmah."
"353","25","[6. Integrasi Nilai Spiritual] Menjadikan pengalaman sebagai sarana mendekatkan diri kepada-Nya."
"354","25","[7. Ketahanan Emosional] Tidak mudah hancur oleh kegagalan."
"355","25","[7. Ketahanan Emosional] Tetap tenang dan bijak dalam menghadapi ujian."
"356","26","[1. Rasa Memiliki] Merasa dirinya bagian dari pondok pesantren, bukan individu yang terpisah."
"357","26","[1. Rasa Memiliki] Menganggap keberhasilan pesantren sebagai keberhasilan dirinya juga."
"358","26","[2. Keterlibatan Sosial] Aktif berpartisipasi dalam kegiatan pondok."
"359","26","[2. Keterlibatan Sosial] Tidak hanya hadir, tetapi juga memberi kontribusi nyata."
"360","26","[3. Tanggung Jawab Sosial] Menjalankan kewajiban sebagai santri dengan baik."
"361","26","[3. Tanggung Jawab Sosial] Menjaga lingkungan, menaati aturan, dan ikut menjaga ketertiban pesantren."
"362","26","[4. Solidaritas & Empati] Peduli terhadap kesulitan santri lain."
"363","26","[4. Solidaritas & Empati] Ikut merasakan suka dan duka pesantren."
"364","26","[5. Kemampuan Berkolaborasi] Siap bekerja sama demi kepentingan bersama."
"365","26","[5. Kemampuan Berkolaborasi] Menghargai perbedaan pendapat dan mencari solusi bersama."
"366","26","[6. Identitas Sosial Islami] Menjadikan nilai agama sebagai pedoman dalam bermasyarakat."
"367","26","[6. Identitas Sosial Islami] Menunjukkan akhlak mulia dalam interaksi sosial."
"368","26","[7. Orientasi Kontribusi] Tidak hanya memikirkan diri sendiri, tetapi juga manfaat bagi orang lain."
"369","26","[7. Orientasi Kontribusi] Menjadikan keberadaan dirinya sebagai berkah bagi lingkungan."
"370","27","[1. Kesadaran Diri] Menyadari bahwa setiap tindakan adalah catatan dalam “kitab kehidupan.”"
"371","27","[1. Kesadaran Diri] Mampu mengenali kelebihan dan kelemahan diri dengan jujur."
"372","27","[2. Refleksi & Introspeksi] Rutin melakukan muhasabah (evaluasi diri)."
"373","27","[2. Refleksi & Introspeksi] Menuliskan pengalaman hidup sebagai bahan belajar dan perbaikan."
"374","27","[3. Tanggung Jawab Spiritual] Meyakini bahwa catatan hidup kelak akan dipertanggungjawabkan di hadapan Allah."
"375","27","[3. Tanggung Jawab Spiritual] Menjadikan setiap amal sebagai bagian dari kitab yang ingin dibawa ke akhirat."
"376","27","[4. Disiplin Mencatat Kehidupan] Membiasakan diri menulis diary atau catatan pribadi yang fokus pada perjalanan iman, amal, dan akhlak."
"377","27","[4. Disiplin Mencatat Kehidupan] Tidak hanya mencatat keberhasilan, tetapi juga kegagalan sebagai bahan perbaikan."
"378","27","[5. Orientasi Perbaikan Diri] Menjadikan kelemahan sebagai titik awal perubahan."
"379","27","[5. Orientasi Perbaikan Diri] Menyusun langkah untuk memperkuat kelebihan dan menutup kekurangan."
"380","27","[6. Integrasi Ilmu & Amal] Menuliskan bukan hanya pengalaman, tetapi juga hikmah dan pelajaran dari setiap peristiwa."
"381","27","[6. Integrasi Ilmu & Amal] Menghubungkan catatan dengan nilai Qur’an dan Sunnah."
"382","27","[7. Konsistensi & Kejujuran] Konsisten menulis dengan kejujuran, tanpa menutupi kekurangan."
"383","27","[7. Konsistensi & Kejujuran] Menjadikan catatan sebagai cermin diri, bukan sekadar dokumentasi."
"384","28","[1. Kesadaran Spiritual] Menyadari bahwa setiap pikiran dan dorongan tidak netral, ada yang berasal dari malaikat (mendorong kebaikan) dan ada yang dari syaithan (menggoda keburukan)."
"385","28","[1. Kesadaran Spiritual] Peka terhadap bisikan hati yang muncul sebelum bertindak."
"386","28","[2. Kemampuan Membedakan Suara] Bisa mengenali dorongan yang mengajak kepada kebaikan (suara malaikat dan diri yang pro malaikat)."
"387","28","[2. Kemampuan Membedakan Suara] Bisa mengenali dorongan yang mengajak kepada keburukan (suara syaithan dan diri yang pro syaithan)."
"388","28","[3. Kontrol Diri] Tidak langsung mengikuti dorongan hati, tetapi menimbang dengan akal dan syariat."
"389","28","[3. Kontrol Diri] Mampu menolak bisikan negatif meski terasa menggoda."
"390","28","[4. Kecenderungan pada Kebaikan] Lebih sering mengikuti suara malaikat dan diri yang pro malaikat."
"391","28","[4. Kecenderungan pada Kebaikan] Menjadikan kebaikan sebagai pilihan utama meski sulit."
"392","28","[5. Muhasabah (Introspeksi)] Rutin mengevaluasi apakah tindakannya lebih banyak mengikuti bisikan malaikat atau syaithan."
"393","28","[5. Muhasabah (Introspeksi)] Menjadikan introspeksi sebagai alat menjaga kebersihan hati."
"394","28","[6. Integrasi dengan Nilai Agama] Menjadikan Qur’an dan Sunnah sebagai standar untuk menilai suara yang muncul."
"395","28","[6. Integrasi dengan Nilai Agama] Meyakini bahwa suara malaikat adalah dorongan menuju ridha Allah, sedangkan suara syaithan adalah jebakan menuju dosa."
"396","28","[7. Konsistensi dalam Latihan Jiwa] Melatih diri agar suara pro malaikat semakin kuat."
"397","28","[7. Konsistensi dalam Latihan Jiwa] Melemahkan suara pro syaithan dengan dzikir, doa, dan ibadah."
"398","29","[1. Kontrol Emosi & Nafsu] Tidak mudah terbawa emosi atau dorongan sesaat."
"399","29","[1. Kontrol Emosi & Nafsu] Mampu menahan diri dari keinginan yang merusak tujuan jangka panjang."
"400","29","[2. Fokus pada Tujuan] Menjaga konsentrasi pada cita-cita utama."
"401","29","[2. Fokus pada Tujuan] Tidak mudah tergoda oleh hal-hal yang tidak relevan."
"402","29","[3. Disiplin dalam Rutinitas] Konsisten menjalankan kebiasaan baik meski ada godaan untuk malas."
"403","29","[3. Disiplin dalam Rutinitas] Menjadikan disiplin sebagai fondasi kesuksesan."
"404","29","[4. Kemampuan Menunda Kepuasan] Rela menunda kesenangan sesaat demi hasil besar di masa depan."
"405","29","[4. Kemampuan Menunda Kepuasan] Memahami bahwa kesuksesan butuh proses panjang."
"406","29","[5. Kesadaran terhadap Distraksi] Peka terhadap hal-hal yang bisa merusak fokus (media sosial, hiburan berlebihan, lingkungan negatif)."
"407","29","[5. Kesadaran terhadap Distraksi] Mampu mengurangi atau menghindari distraksi tersebut."
"408","29","[6. Integrasi Spiritualitas] Menjadikan ibadah, doa, dan dzikir sebagai cara menguatkan kontrol diri."
"409","29","[6. Integrasi Spiritualitas] Meyakini bahwa menahan godaan adalah bagian dari jihad melawan hawa nafsu."
"410","29","[7. Konsistensi & Istiqamah] Tidak hanya sesaat, tetapi mampu mempertahankan kontrol diri dalam jangka panjang."
"411","30","[1. Kesadaran Situasi] Peka terhadap tanda-tanda atau gejala yang bisa berkembang menjadi masalah."
"412","30","[1. Kesadaran Situasi] Tidak menunggu masalah muncul baru bergerak."
"413","30","[2. Perencanaan ke Depan] Selalu menyiapkan rencana cadangan (plan B, bahkan plan C)."
"414","30","[2. Perencanaan ke Depan] Membuat strategi jangka pendek dan jangka panjang."
"415","30","[3. Kesiapan Menghadapi Risiko] Menyadari bahwa setiap keputusan punya konsekuensi."
"416","30","[3. Kesiapan Menghadapi Risiko] Menyiapkan langkah antisipasi untuk meminimalkan dampak buruk."
"417","30","[4. Fleksibilitas & Adaptasi] Mampu menyesuaikan diri dengan perubahan mendadak."
"418","30","[4. Fleksibilitas & Adaptasi] Tidak panik ketika situasi berbeda dari perkiraan."
"419","30","[5. Proaktif] Bertindak lebih dulu sebelum masalah muncul."
"420","30","[5. Proaktif] Tidak menunggu perintah, tetapi bergerak dengan inisiatif."
"421","30","[6. Evaluasi Berkelanjutan] Rutin menilai kondisi dan memperbaiki strategi."
"422","30","[6. Evaluasi Berkelanjutan] Belajar dari pengalaman agar lebih siap menghadapi masa depan."
"423","30","[7. Integrasi Nilai Spiritual] Meyakini bahwa ikhtiar antisipatif adalah bagian dari amanah."
"424","30","[7. Integrasi Nilai Spiritual] Menggabungkan usaha dengan doa dan tawakal kepada Allah."
"425","31","[1. Time to Pray (Waktu untuk beribadah)] Menjadikan ibadah sebagai prioritas utama dalam jadwal harian."
"426","31","[1. Time to Pray (Waktu untuk beribadah)] Konsisten menjaga shalat tepat waktu dan ibadah lainnya."
"427","31","[1. Time to Pray (Waktu untuk beribadah)] Merasakan ketenangan spiritual sebagai fondasi aktivitas lain."
"428","31","[2. Time to Learn (Waktu untuk belajar)] Menyediakan waktu khusus untuk menambah ilmu setiap hari."
"429","31","[2. Time to Learn (Waktu untuk belajar)] Fokus belajar tanpa terganggu oleh aktivitas lain."
"430","31","[2. Time to Learn (Waktu untuk belajar)] Menjadikan belajar sebagai kebutuhan, bukan sekadar kewajiban."
"431","31","[3. Time to Rest (Waktu untuk istirahat)] Menjaga pola tidur yang sehat dan cukup."
"432","31","[3. Time to Rest (Waktu untuk istirahat)] Memberi tubuh dan pikiran kesempatan untuk pulih."
"433","31","[3. Time to Rest (Waktu untuk istirahat)] Tidak mengorbankan kesehatan demi aktivitas berlebihan."
"434","31","[4. Time to Play (Waktu untuk rekreasi/hiburan)] Menyediakan waktu untuk bersosialisasi, berolahraga, atau hiburan sehat."
"435","31","[4. Time to Play (Waktu untuk rekreasi/hiburan)] Menjadikan permainan sebagai sarana kebahagiaan dan penyegaran, bukan pelarian."
"436","31","[4. Time to Play (Waktu untuk rekreasi/hiburan)] Tetap menjaga batas agar hiburan tidak mengganggu ibadah, belajar, dan istirahat."
"437","31","[5. Kesadaran Prioritas] Mampu menyeimbangkan empat waktu tanpa mengorbankan salah satunya."
"438","31","[5. Kesadaran Prioritas] Menjadikan keseimbangan sebagai gaya hidup, bukan sekadar teori."
"439","31","[6. Disiplin & Konsistensi] Menjalankan jadwal dengan teratur setiap hari."
"440","31","[6. Disiplin & Konsistensi] Tidak mudah tergoda untuk mengabaikan salah satu aspek."
"441","31","[7. Integrasi Nilai Spiritual] Meyakini bahwa keseimbangan empat waktu adalah bagian dari amanah Allah."
"442","31","[7. Integrasi Nilai Spiritual] Menjadikan ibadah sebagai pusat, dan tiga waktu lainnya sebagai pendukung."
"443","32","[1. Kesadaran Nilai] Menyadari bahwa teknologi adalah alat, bukan tujuan."
"444","32","[1. Kesadaran Nilai] Menggunakan teknologi untuk memperkuat ibadah, ilmu, dan produktivitas."
"445","32","[2. Selektif dalam Penggunaan] Memilih aplikasi, konten, dan platform yang bermanfaat."
"446","32","[2. Selektif dalam Penggunaan] Menolak atau menghindari teknologi yang membawa dampak negatif (pornografi, hoaks, adiksi)."
"447","32","[3. Orientasi Maslahat] Menggunakan teknologi untuk memberi manfaat bagi diri dan masyarakat."
"448","32","[3. Orientasi Maslahat] Menjadikan teknologi sebagai sarana dakwah, pendidikan, dan kesejahteraan."
"449","32","[4. Kontrol Diri] Tidak larut dalam penggunaan berlebihan yang merusak fokus."
"450","32","[4. Kontrol Diri] Menetapkan batas waktu dan aturan dalam menggunakan teknologi."
"451","32","[5. Literasi Digital] Memahami cara kerja teknologi, termasuk risiko dan peluangnya."
"452","32","[5. Literasi Digital] Mampu membedakan informasi benar dan salah di dunia digital."
"453","32","[6. Kreativitas Positif] Menghasilkan karya atau konten yang membangun melalui teknologi."
"454","32","[6. Kreativitas Positif] Menjadikan teknologi sebagai sarana inovasi, bukan sekadar konsumsi."
"455","32","[7. Integrasi Nilai Spiritual] Menjadikan teknologi sebagai sarana ibadah dan amal."
"456","32","[7. Integrasi Nilai Spiritual] Meyakini bahwa penggunaan teknologi akan dipertanggungjawabkan di hadapan Allah."
"457","33","[1. Rasa Syukur & Apresiasi] Mensyukuri karya sebagai anugerah kemampuan dari Allah."
"458","33","[1. Rasa Syukur & Apresiasi] Tidak meremehkan hasil karya sendiri meski sederhana."
"459","33","[2. Percaya Diri] Berani menunjukkan karya kepada orang lain tanpa rasa minder."
"460","33","[2. Percaya Diri] Meyakini bahwa karya memiliki nilai unik yang tidak dimiliki orang lain."
"461","33","[3. Tanggung Jawab terhadap Karya] Menjaga kualitas karya dengan sungguh-sungguh."
"462","33","[3. Tanggung Jawab terhadap Karya] Tidak asal-asalan dalam menyelesaikan pekerjaan atau kreativitas."
"463","33","[4. Konsistensi Berkarya] Terus menghasilkan karya baru sebagai bentuk penghargaan terhadap kemampuan diri."
"464","33","[4. Konsistensi Berkarya] Tidak berhenti berkarya hanya karena kritik atau kegagalan."
"465","33","[5. Evaluasi & Perbaikan] Mampu melihat kekurangan karya tanpa merendahkannya."
"466","33","[5. Evaluasi & Perbaikan] Menjadikan evaluasi sebagai jalan untuk meningkatkan kualitas karya."
"467","33","[6. Integrasi Nilai Spiritual] Meyakini bahwa karya adalah amanah yang harus dijaga."
"468","33","[6. Integrasi Nilai Spiritual] Menjadikan karya sebagai sarana ibadah dan kontribusi sosial."
"469","33","[7. Orientasi Manfaat] Menghargai karya dengan cara memanfaatkannya untuk kebaikan."
"470","33","[7. Orientasi Manfaat] Tidak membiarkan karya hanya tersimpan, tetapi digunakan atau dibagikan."
"471","34","[1. Tabayun (Cek Kebenaran)] Tidak langsung percaya pada informasi yang didengar."
"472","34","[1. Tabayun (Cek Kebenaran)] Memverifikasi sumber berita sebelum bereaksi."
"473","34","[1. Tabayun (Cek Kebenaran)] Menghindari fitnah, prasangka, dan tuduhan tanpa bukti."
"474","34","[2. Muhasabah (Introspeksi)] Mengoreksi diri sebelum menyalahkan orang lain."
"475","34","[2. Muhasabah (Introspeksi)] Menyadari bahwa konflik bisa jadi akibat kelemahan pribadi."
"476","34","[2. Muhasabah (Introspeksi)] Berani mengakui kesalahan dan memperbaiki diri."
"477","34","[3. Islah (Berbaikan)] Berusaha mencari solusi damai, bukan memperbesar masalah."
"478","34","[3. Islah (Berbaikan)] Mengutamakan ukhuwah (persaudaraan) di atas ego pribadi."
"479","34","[3. Islah (Berbaikan)] Mencari titik temu yang adil dan maslahat bagi semua pihak."
"480","34","[4. Kedewasaan Emosi] Tidak mudah terpancing amarah."
"481","34","[4. Kedewasaan Emosi] Menyikapi konflik dengan tenang dan bijak."
"482","34","[5. Orientasi Maslahat] Fokus pada kebaikan bersama, bukan kemenangan pribadi."
"483","34","[5. Orientasi Maslahat] Menjadikan konflik sebagai sarana memperkuat hubungan."
"484","34","[6. Integrasi Syariat] Menyelesaikan konflik sesuai tuntunan Al-Qur’an dan Sunnah."
"485","34","[6. Integrasi Syariat] Menjadikan nilai Islam sebagai pedoman dalam berdamai."